{"recall":0.9868974042027194,"accuracy":0.7799834574028123,"_wandb":{"runtime":23},"train_loss":0.01725016837617802,"f1_score":0.8572042087180588,"roc_auc":0.6741987021013598,"_timestamp":1.7474871843686469e+09,"_runtime":23.040697,"precision":0.7576390206870374,"_step":50}