{"_timestamp":1.7474353885272908e+09,"_wandb":{"runtime":37317},"_runtime":0.790628,"_step":49,"train_loss":0.016626136361742136}