{"_wandb":{"runtime":0},"f1_score":0.8651603498542274,"roc_auc":0.7836730531520396,"_runtime":0.731421377,"_step":50,"recall":0.8803461063040791,"accuracy":0.8163771712158809,"precision":0.850489610699785,"train_loss":0.01931580123797692,"_timestamp":1.747490897726125e+09}